755 Secaucus Road,2001
6000 Technology Boulevard,1998
50 Northeast 9th Street,Not Available
1 Switch Way,2020
800 Secaucus Road,2012
1905 Lunt Avenue,2007
800 Cottontail Lane,2011
2800 South Ashland Avenue,Not Available
1033 Jefferson Street Northwest,1954
615 North 48th Street,Not Available
8375 Dominion Pkwy,2017
11300 Northwest 25th Street,Not Available
3402 East University Drive,Not Available
101 Possumtown Road,2010
11 Great Oaks Boulevard,1982
350 East Cermak Road,1912
1301 West University Drive,1985
4513 Western Ave,1972
401 Kingsview Drive,1988
9 Great Oaks Boulevard,2009
4025 Midway Road,2000
1649 West Frankford Road,2000
4701 South Santa Fe Avenue,2023
111 8th Avenue,1932
900 Guardians Way,2011
7 Great Oaks Boulevard,2016
445 North Douglas Street,Not Available
1400 Federal Boulevard,2000
6810 New Tampa Hwy,Not Available
7 Teleport Drive,1989
15 Enterprise Avenue North,1967
1950 North Stemmons Freeway,1986
180 Peachtree Street Northwest,1927
45 South Bullard Avenue,Not Available
2425 Busse Road,2000
701 Congressional Blvd,1988
159 Princeton Hightstown Road,1958
6 Norden Place,2013
11830 Webb Chapel Rd,2000
2323 Bryan Street,1983
6431 Longhorn Dr,1996
255 Caspian Drive,2021
200 Webro Road,1968
17836 Gillette Avenue,1977
501 Northwest Avenue,2023
5700 Innovation Drive,2015
300 Satellite Boulevard,2000
22271 Broderick Drive,2018
5851 West Side Avenue,1998
1215 Integrity Drive,2012
1350 Duane Avenue,1971
375 Riverside Parkway,1999
1735 Lundy Avenue,1990
18155 Technology Drive,2007
3003 Woodbridge Avenue,1967
191 East Miller Avenue,2012
2030 Powers Ferry Road,Not Available
14901 FAA Boulevard,2000
904 Quality Way,1969
2 Peekay Drive,1955
2500 West Union Hills Drive,1976
660 Greens Parkway,2015
585 Scherers Court,2016
200 Paul Avenue,1955
3500 East Plano Parkway,2016
1920 East Maple Avenue,1956
4650 Old Ironsides Drive,1982
105 Enterprise Avenue South,2015
6906 S 204th St,1999
450 Interstate North Parkway,1998
4765 Barden Drive Southeast,Not Available
4802 East Van Buren Street,Not Available
9310 Florida Palm Drive,1999
12851 Foster Street,1999
3500 Lyman Blvd,1995
4951 Northeast Huffman Street,Not Available
3010 Waterview Pkwy,1988
486 Arsenal Way,2002
1001 East Campbell Road,2001
17300 Hwy 99,Not Available
2 Emerson Lane,1980
7000 Burleson Rd,Not Available
11 Skyline Drive,1990
1808 Swift Drive,1999
1102 Grand Blvd,1931
6653 Pinecrest Drive,2006
1625 Rockwell Avenue,1920
1515 Round Table Drive,1969
580 Winter Street,1960
12001 North Freeway,Not Available
300 John F. Kennedy Blvd,Not Available
14100 Park Vista Boulevard,2010
4450 Dean Lakes Boulevard,2014
600 South Federal Street,Not Available
2681 Kelvin Ave,2000
350 East Cermak Road,1912
882 3rd Avenue,1906
2335 South Ellis Street,2012
3500 Northwest Boca Raton Boulevard,Not Available
2775 Northwoods Pkwy,1988
22860 International Drive,2000
850 East Collins Boulevard,Not Available
210 North Tucker Boulevard,1970
12401 Prosperity Drive,1981
1525 Northwest 98th Court,Not Available
1215 East Pennsylvania Street,1978
1300 Louis Henna Boulevard,2023
7100 Metropolis Drive,2015
12100 Sunrise Valley Drive,2014
311 Eddy Lane,2013
4849 Alpha Road,1999
201 N 16th St,1998
50 Madison Road,2009
229 West 7th Street,1931
999 Frontier Road,1988
6900 South Peoria Street,1994
110 N Main St,1919
1850 W Deer Valley Rd,2010
80 Merritt Boulevard,1960
22000 Franz Road,2014
7500 Metro Center Drive,2000
1210 Integrity Drive,2016
56 Marietta Street NorthWest,1917
3 Corporate Place,2014
4200 194th St SW,2006
5515 Nobel Dr,2008
3311 South 120th Place,Not Available
3333 West 9000 South,Not Available
1625 West National Drive,Not Available
9050 Northeast Underground Drive,2014
111 8th Avenue,1932
8025 N Interstate Hwy 35,Not Available
2200 Busse Road,2007
1401 Northridge Circle,2017
12369 Sunrise Valley Drive,1985
3180 Irving Blvd,1991
17400 Von Karman Avenue,2011
4818 Angola Road,Not Available
2151 Mission College Blvd,1983
7500 Alta View Boulevard,2024
7218 McNeil Drive,1983
128 1st Avenue,2000
840 Allen Commerce Parkway,Not Available
600 West 7th Street,1914
2653 South Victory View Way,2015
624 South Grand Avenue,Not Available
535 Scherers Court,Not Available
2020 Live Oak Street,1938
26415 Corporate Avenue,2015
1 Enterprise Avenue North,2012
500 Commack Road,1960
350 East Cermak Road,1912
4405 Grant Rd,2008
1950 North Stemmons Freeway,1986
2020 5th Avenue,1975
10290 W 70th St,2010
5350 South Valentia Way,Not Available
2223 Northeast Creek Parkway,Not Available
2805 Diehl Rd,1995
17222 Von Karman Avenue,1976
1904 Le Compte Rd,Not Available
200 Innovation Drive,2020
600 West 7th Street,1914
12655 Edison Drive,2019
91-340 Farrington Hwy,1990
1700 N River Rd,2022
12031 North Freeway,2012
2001 6th Avenue,1981
3331 W Big Beaver Rd,Not Available
1108 West 1600 South,Not Available
2701 Devils Glen Road,Not Available
120 East Van Buren Street,1946
7185 Pollock Drive,1973
22 Linnell Circle,Not Available
36 Northeast 2nd Street,Not Available
1215 Integrity Drive,2012
111 8th Avenue,1932
1275 K Street Northwest,1983
1099 14th Street Northwest,1991
980 Wymore Road,Not Available
24700 Northwestern Hwy,1967
365 Main Street,2000
4764 Bakers Ferry Rd SW,Not Available
6101 South 180th Street,Not Available
7200 Industrial Road,1998
505 Northwest Avenue,2022
2626 Spring Cypress Road,2017
11155 Red Run Blvd,1999
18155 Technology Drive,2007
5301 Departure Drive,2011
921 Southwest Washington Street,1913
15 Shattuck Road,1984
3333 West 9000 South,Not Available
4915 NE Starr Blvd,2022
8636 South Peoria Street,Not Available
202-216 Campus Drive,Not Available
5775 Kearny Villa Road,1995
2021 Lunt Avenue,1986
11085 Sun Center Drive,1982
3180 Players Ln,1991
2401 Walsh Avenue,1973
2836 Peterson Place Northwest,2001
65 Broadway,1917
20845 Sockeye Pl,2005
800 East Business Center Drive,Not Available
1950 North Stemmons Freeway,1986
615 North 48th Street,Not Available
2916 Montopolis Dr,1999
2916 Montopolis Dr,1999
410 Commerce Boulevard,2006
11234 Northwest 20th Street,Not Available
2501 Texas 121,Not Available
7401 East Ben White Boulevard,Not Available
400 Tijeras Avenue Northwest,1981
1111 Comstock Street,2021
1150 White Street Southwest,Not Available
1232 Alma Road,1990
2440 Marsh Lane,1998
5055 Rec Drive,2008
1950 North Stemmons Freeway,1986
1432 South Clinton Street,Not Available
2500 West Union Hills Drive,1976
900 Walnut St,2011
2200 Busse Rd,2007
250 Locke Drive,1979
4267 Meridian Parkway,2007
1807 Michael Faraday Ct,1982
10 Riverbend Drive South,1967
2260 E El Segundo Blvd,1978
752 Barret Ave,1967
8534 Concord Center Drive,2000
3701 Northwest 82nd Avenue,Not Available
655 North Franklin Street,Not Available
207 Southwest Columbia Street,Not Available
1515 Aldine Meadows Road,1999
10828 North Airworld Drive,Not Available
900 Alameda Street,Not Available
365 South Randolphville Road,Not Available
7301 Metropolis Drive,2012
45901 Nokes Boulevard,1998
3330 E Lone Mountain Rd,2007
11 Skyline Dr,1990
2222 East Grauwyler Road,2000
555 Scherers Court,1988
2121 South Price Road,Not Available
12301 Tukwila International Boulevard,1999
250 Williams Street Northwest,1989
2905 Diehl Road,2023
5821 Fairview Rd,Not Available
7 Teleport Drive,1989
1100 Empire Central Place,1962
9417 Corporate Lake Dr,2000
600 West 7th Street,1914
11425 South 84th Street,2009
1001 3rd Avenue South,2001
421 West Church Street,1960
Independence,2017
11900 East Cornell Avenue,1984
340 Progress Circle,2015
300 Boulevard East,1991
11891 Sudley Manor Drive,Not Available
1430 Truxtun Ave,Not Available
44874 Moran Road,2013
8675 Concord Center Dr,2015
1099 15th Street,1991
1950 North Stemmons Freeway,1986
8521 East Princess Drive,Not Available
200 Bauchet Street,Not Available
180 Peachtree Street Northeast,1927
85 10th Avenue,1913
2800 Summit Ave,2005
400 South Akard Street,1921
5737 NE Huffman St,2015
1301 Fannin Street,1981
1100 North Market Boulevard,Not Available
350 Main Street,1969
1655 West Sunrise Boulevard,1998
2561 Bernville Road,1985
717 South Wells Street,1923
250 Williams Street Northwest,1989
427 South LaSalle Street,Not Available
2820 Northwestern Parkway,2012
1500 Spring Garden Street,1947
1148 American Parkway,2010
1725 Comstock Street,2010
421 West Church Street,1960
1950 North Stemmons Freeway,1986
50 Inner Belt Road,2009
1755 Old Meadow Road,Not Available
250 Williams Street Northwest,1989
24660 Lahser Road,1986
720 2nd Street,2007
2807 Mission College Boulevard,2009
5870 Northeast Schaaf Street,Not Available
5510 Feltl Road,Not Available
1398 Gateway Drive,2020
8020 Arco Corporate Dr,2006
6805 Pine Street,2004
5301 Northwest 33rd Avenue,Not Available
3690 Redondo Beach Avenue,2012
10105 David Taylor Drive,1985
21350 Pacific Blvd,2017
3011 Lafayette Street,2000
2800 Summit Avenue,2005
818 W 7th St,1925
401 North Broad Street,Not Available
101 Aquila Way,1999
179 Social Hall Ave,1967
401 6th Street North,Not Available
60 Hudson Street,1930
85 10th Avenue,1913
400 Pike Street,2009
422 West Riverside Avenue,Not Available
324 East Wisconsin Avenue,1901
4800 Spring Park Road,1971
200 Avenue B Northwest,2012
56 Marietta Street NorthWest,1917
1400 65th Street,1935
700 Austin Avenue,1956
359 Corporate Drive,Not Available
274 Brannan Street,1923
341 Haynes Dr,1989
18 West Archer Street,Not Available
4201 Southwest Freeway,1969
1212 East 19th Street,Not Available
1401 Russell Street,1940
105 Cabot Street,2013
717 North Harwood Street,Not Available
650 West Henry Street,Not Available
24275 Northwestern Hwy,1959
14 Resilient Circle,Not Available
840 South Canal Street,Not Available
14500 West 105th Street,Not Available
11650 Great Oaks Way,1999
3 Corporate Place,2014
2905 Diehl Rd,2023
23017 East Mission Avenue,Not Available
3255 Neil Armstrong Blvd,1998
2805 Lafayette Street,1984
100 Delawanna Avenue,1973
3355 35th Ave S,1999
7135 South Decatur Boulevard,2008
1050 Hull Street,1973
103 Knightsbridge Drive,1976
5301 Departure Drive,2011
1950 North Stemmons Freeway,1986
24245 Northwestern Hwy,1956
4300 Brighton Blvd,Not Available
70 Inner Belt Road,1968
101 Possumtown Road,2010
480 N Bedford Rd,1916
36 Northeast 2nd Street,Not Available
3935 NE Aloclek Dr,1999
506 West South Street,1927
8350 Parkedge Dr,2015
900 North Kingsbury Street,Not Available
8910 Lenox Pointe Drive,2000
21648 Melrose Avenue,1986
150 South 1st Street,1987
9110 Interlocken Loop,Not Available
36 Northeast 2nd Street,Not Available
1221 Coit Road,2011
3020 Coronado Drive,2016
1500 Space Park Drive,2008
624 South Grand Avenue,1967
2970 Corvin Drive,1973
8324 Baymeadows Way,1982
155 Locust Street,Not Available
14452 Franklin Avenue,Not Available
725 South Wells Street,1925
2916 Montopolis Dr,1999
25 Corporate Place South,1985
427 South LaSalle Street,Not Available
14944 Pony Express Rd,2001
2260 East El Segundo Boulevard,Not Available
2425 Technology Blvd,2008
360 East 2nd Street,Not Available
113 North Myers Street,1999
401 North Broad Street,Not Available
425 Duke Drive,2015
1240 Huber Drive,Not Available
2850 Interstate Drive,2013
500 Chicon Street,Not Available
1100 White Street Southwest,Not Available
701 West Henry Street,1999
1500 Space Park Drive,2008
910 15th Street,1910
4802 East Van Buren Street,Not Available
600 West 7th Street,1912
56 Marietta Street NorthWest,1917
400 S Akard St,1921
8135 Northeast Evergreen Parkway,Not Available
2640 Main Street,Not Available
1130 Powers Ferry Place,2002
9706 East Easter Avenue,Not Available
810 Jorie Blvd,1962
505 North Railroad Avenue,1960
624 South Grand Avenue,1967
1500 Champa Street,1985
1000 Denny Way,1988
512 SE 8th Ave,Not Available
55 Middlesex Turnpike,1971
345 Courtland Street Northeast,1975
110 South Arlington Street,Not Available
229 W 7th St,1931
2374 Fairburn Road Southwest,Not Available
737 Mathew Street,2019
1750 N River Rd,2023
5851 West Side Avenue,1998
12098 Sunrise Valley Drive,1982
33 Global Drive,2021
55 Marietta St NW,1955
2151 Mission College Blvd,1983
818 West 7th Street,Not Available
2323 Bryan Street,1983
9705 Southwest Sunshine Court,1987
5130 Service Center Drive,Not Available
333 Diamond Drive Northwest,2018
1525 Comstock Street,2007
1515 Round Table Drive,1969
1850 Springer Drive,2000
2001 6th Avenue,1981
6301 Winchester Avenue,2006
710 N Tucker Blvd,2000
744 Roble Rd,1987
1515 Round Table Drive,1969
1035 W Entrance Dr,Not Available
11 North Pearl Street,1999
534 Stockton Avenue,1946
4518 South Miami Boulevard,Not Available
2302 South Presidents Drive,2006
511 11th Avenue South,1982
3030 Corvin Drive,1970
626 Wilshire Boulevard,1966
1680 Touhy Avenue,Not Available
1255 Euclid Avenue,1910
1101 Donnelly Avenue Southwest,Not Available
5000 Arlington Centre Boulevard,1973
5170 Westway Park Blvd,2012
8111 Oxbow Creek Drive North,Not Available
11003 Corporate Centre Drive,2014
2600 West Germann Road,Not Available
201 Centennial Avenue,Not Available
3000 Corvin Drive,1970
8 Commerce Drive,Not Available
1003 Donnelly Avenue Southwest,Not Available
3950 Sparks Drive Southeast,Not Available
6325 Morenci Trail,1975
50 North Lawrence Street,Not Available
888 South Broadway,Not Available
3701 West Burnham Street,Not Available
1111 Olive Street,1941
505 Marquette Avenue Northwest,1966
1950 North Stemmons Freeway,1986
7579 West 103rd Avenue,Not Available
475 Northeast 185th Street,Not Available
3935 Northeast Aloclek Drive,Not Available
1023 39th Avenue Southeast,1998
11 North Pearl Street,Not Available
1 Summer Street,1978
130 East Randolph Street,Not Available
34 Saint Martin Drive,Not Available
500 Green Road,2002
108 Bank St,1900
810 Parish Street,1962
1805 Center Park Drive,1999
10105 David Taylor Drive,1985
12500 East Arapahoe Road,1998
21111 Ridgetop Circle,2014
2300 Chelsea Boulevard,2018
6606 Lyndon B Johnson Freeway,1975
48233 Warm Springs Boulevard,1971
601 West Polk Street,1918
2300 Chelsea Boulevard,2018
8929 Aero Drive,Not Available
2475 West Townley Avenue,2010
55 South Market Street,1985
5700 N Blackstock Rd,1997
2132 Northwest 114th Avenue,Not Available
2925 Northwest 120th Terrace,Not Available
15707 Chenal Parkway,1993
1550 Marlborough Avenue,Not Available
9826 Burbank Dr,Not Available
9333 West Grand Avenue,Not Available
300 West Lexington Street,1985
211 Commerce Street,2000
2947 Bradley Street,Not Available
4207 Smith School Road,Not Available
95 Christopher Columbus Drive,1989
800 Jorie Boulevard,1961
59 Inner Belt Road,Not Available
2901 Coronado Drive,2010
340 Cumberland Ave,Not Available
8600 Harry Hines Boulevard,1951
925 Dalton Avenue,1966
60 Summer St,Not Available
179 Social Hall Avenue,1967
150 Mile Crossing Blvd,1985
639 East 18th Avenue,Not Available
2299 Busse Road,2015
5300 North La Mesa Drive,Not Available
3402 E University Dr,1999
100 Taylor Street,1914
1601 West 10th Street,Not Available
100 4th Avenue North,2003
350 East Cermak Road,1912
1101 A Street,1907
155 Myers Corners Rd,Not Available
2001 Park Place,Not Available
70 Inner Belt Road,1968
900 Quality Way,2011
12061 North Fwy,Not Available
1130 Powers Ferry Place,2002
255 Pierce Rd,2021
813 Pinnacle Drive,2018
907 Security Row,2015
123 Central Avenue Northwest,Not Available
5419 NE Starr Blvd,2021
6171 West Century Boulevard,Not Available
2202 Liberty Avenue,2000
77 Sundial Avenue,Not Available
2070 Gause Blvd E,Not Available
2960 Corvin Drive,1973
2999 Gold Canal Drive,1984
3250 West Commercial Boulevard,Not Available
800 E Business Center Dr,1988
17 East Virginia Avenue,Not Available
2561 Bernville Road,1985
350 E Cermak Rd,1969
2605 South Ellis Street,Not Available
1002 Embarcadero,Not Available
3375 Koapaka Street,1988
511 11th Avenue South,1982
4121 Perimeter Center Place,1982
120 East Van Buren Street,2017
9400 Godwin Court,2019
6325 Morenci Trail,1975
21111 Ridgetop Circle,2014
3610 Sacramento Dr,2001
1109 Northwest 22nd Street,Not Available
3080 Raymond St,1980
4815 Delemere Avenue,1970
345 Courtland Street Northeast,1975
695 Brannen St,Not Available
600 W 7th St,1914
322 East Archer Street,Not Available
511 11th Avenue South,1982
2972 Stender Way,2011
2972 Stender Way,2011
350 E Cermak Rd,1912
1950 Stemmons Freeway,Not Available
760 Mission Ct,1986
60 Hudson Street,1930
775 Capitolio Way,Not Available
9999 Westover Hills Boulevard,1996
10 Delaware Drive,Not Available
5101 Lafayette Street,2010
1514 Chandler Road,Not Available
18155 Technology Drive,2007
9000 Foothills Boulevard,Not Available
50 Madison Rd,2009
1435 Northridge Circle,2006
1100 White Street Southwest,1962
1525 Comstock Street,2007
2457 152nd Avenue Northeast,1978
5150 Westway Park Blvd,2009
340 Progress Circle,2015
22810 International Drive,1999
75 Broad St,Not Available
650 Poydras Street,Not Available
7003 Presidents Drive,Not Available
1621 Euclid Avenue,Not Available
35 Summit Park Drive,2001
427 South LaSalle Street,Not Available
360 Gest Street,1988
11003 Corporate Centre Dr,2014
17836 Gillette Ave,1977
159 Atlantic Street,Not Available
350 East Cermak Road,1912
3410 East University Drive,Not Available
3804 Helios Way,Not Available
1450 South Eagle Flight Way,Not Available
140 4th Avenue North,2003
36 NE 2nd St,1925
1100 Space Park Drive,2000
345 Courtland Street Northeast,1975
23403 East Mission Avenue,Not Available
4600 Carothers Parkway,2016
12300 South Keeler Avenue,Not Available
3101 Western Avenue,1986
60 Hudson Street,1930
1808 Swift Drive,1999
100 Dutch Hill Rd,Not Available
4700 Gifford Road,2020
23605 Northeast Huffman Street,Not Available
1401 Howard Avenue,2024
2820 Northwestern Parkway,2012
240 N 5th St,Not Available
123 Central Ave NW,1950
1100 Walnut Street,Not Available
4550 Carlisle Road,Not Available
7301 Metropolis Drive,2012
33 Global Drive,2021
108 Bank Street,1900
6580 VÃ­a del Oro,1984
1233 Northwest 12th Avenue,Not Available
615 North 48th Street,Not Available
3993 Crowfarn Drive,Not Available
4 Pin Oak Drive,Not Available
275 Hartz Way,1972
4643 S Ulster St,Not Available
11753 West Lower Buckeye Road,Not Available
118 South 1000 West,1996
One American Place,Not Available
4643 S Ulster St,Not Available
11753 West Lower Buckeye Road,Not Available
3433 South 120th Place,1985
Dallas,2000
1656 McCarthy Boulevard,1983
1125 Energy Park Drive,1947
1601 Jones Street,Not Available
319 Executive Drive,Not Available
530 W 6th St,1928
433 6th Street,2019
7347 South Revere Parkway,Not Available
4901 Westway Drive,Not Available
9610 Southwest Sunshine Court,Not Available
1400 East Devon Avenue,Not Available
10801 North Amity Avenue,Not Available
8435 North Stemmons Freeway,1983
412 East Madison Street,Not Available
600 South Federal Street,Not Available
Green Bay,2010
7620 Appling Center Drive,1999
1380 Kifer Road,Not Available
6875 Shady Oak Road,2000
100 Delawanna Avenue,1973
143 South 25th Street,Not Available
250 Williams Street Northwest,1989
5555 San Felipe Street,1983
305 W Napa Ave,Not Available
4916 West Clearwater Avenue,1999
350 Main Street,1969
820 Allen Commerce Parkway,2017
950 East Collins Boulevard,Not Available
4777 Ironwood Drive,Not Available
900 N Alameda St,1938
1150 Regal Row,Not Available
11200 Lakeview Avenue,1978
600/700 South Federal Street,Not Available
4916 East Broadway,1999
2050 Martin Avenue,2009
600 West Appleway Avenue,Not Available
165 West Park Loop Northwest,1987
900 Alameda Street,Not Available
1 Aerojet Way,Not Available
9554 Westover Hills Boulevard,2014
1950 North Stemmons Freeway,1986
1120 Vermont Ave NW,Not Available
6961 South Quentin Street,Not Available
10980 Gold Center Dr,1991
1335 Northwest Northrup Street,Not Available
18155 Technology Drive,2007
511 Southwest 10th Avenue,Not Available
10605 West 84th Terrace,Not Available
200 Technology Drive,Not Available
707 SW Washington Ave,Not Available
3101 International Airport Drive,1998
2820 Northwestern Parkway,2012
5705 Industrial Parkway,Not Available
4650 Old Ironsides Dr,1982
731 West Henry Street,Not Available
7801 Nieman Road,1998
11753 West Lower Buckeye Road,1982
851 Coho Way,1991
75 Broad St,Not Available
1023 39th Avenue Southeast,1998
3020 Coronado Dr,2016
2101 Roberts Drive,Not Available
350 East Cermak Road,1912
1700 Richard Avenue,2000
2115 Northwest 22nd Street,Not Available
7620 Metro Center Dr,Not Available
250 Williams Street Northwest,1989
600 South Federal Street,Not Available
7500 Metro Center Dr,2000
14926 Pony Express Rd,2013
3004 Irving Boulevard,2000
16 Cavendish Court,Not Available
8905 South Beck Avenue,Not Available
4100 Smith School Road,2010
4814 Philips Highway,Not Available
332 West Broadway,Not Available
122 Helena Ave,2011
3220 Lausat Street,Not Available
2947 Bradley Street,Not Available
4915 NE Starr Blvd,2022
1360 Kifer Road,1979
1208 Quality Choice Place,Not Available
3035 Stender Way,2019
400 S Akard St,2009
282 Corliss Street,1971
44 North Douglas Street,Not Available
20845 Sockeye Place,2005
216 W Jackson Blvd,1986
200 N Nash St,1996
19700 CA-1,Not Available
1649 West Frankford Road,2000
5150 McCrimmon Parkway,1997
600 W 7th St,1914
725 South Wells Street,1925
Carrollton,Not Available
1224 13th Street,Not Available
56 Marietta St NW,1917
921 Southwest Washington Street,Not Available
2626 Spring Cypress Road,2017
4300 Brighton Blvd,1946
12655 Edison Drive,2019
187 Billerica Road,Not Available
194 Washington Avenue,Not Available
1155 Westminster Street,Not Available
45 Krupp Drive,Not Available
2200 Busse Rd,2007
427 South LaSalle Street,Not Available
7401 East Ben White Boulevard,Not Available
905 Main St,Not Available
8910 Lenox Pointe Drive,2000
15400 Southeast 30th Place,Not Available
600 Executive Drive,Not Available
1545 Clay Street,Not Available
1603 Jessup Street,Not Available
21005 Lahser Road,2014
316 North Pearl Street,Not Available
2001 6th Avenue,1981
1500 Champa Street,1985
4114 Perimeter Center Place,2015
400 South Akard Street,1921
3020 Market Street,Not Available
4625 W 86th St,Not Available
600 South Federal Street,Not Available
90470 Prairie Rd,Not Available
Los Angeles,2021
194 Washington Avenue,Not Available
7700 France Ave S,1979
1902 South East Street,Not Available
1001 Fort Crook Road North,Not Available
179 Social Hall Avenue,1967
3011 South 52nd Street,Not Available
1965 Porter Street,Not Available
2200 Busse Rd,2007
426 East Casino Road,Not Available
2323 Bryan Street,1983
3935 Northeast Aloclek Drive,Not Available
1950 N Stemmons Fwy #1032,Not Available
36 Northeast 2nd Street,Not Available
55 South Market Street,1985
1201 Comstock Street,2008
200 Southeast 1st Street,Not Available
200b Meadowlands Parkway,2000
1905 Lunt Avenue,2007
7401 E Ben White Blvd,1999
7500 Metro Center Dr,2000
401 North Broad Street,Not Available
2775 Northwoods Parkway,1988
1720 Hempstead Rd,Not Available
14870 Pony Express Road,Not Available
9305 Lightwave Avenue,1985
60 Hudson Street,1930
1500 Spring Garden Street,1947
60 Hudson Street,1930
1400 Kifer Rd,1992
32275 32nd Avenue South,Not Available
128 1st Avenue,2000
2101 Nelson Miller Parkway,1982
7135 South Decatur Boulevard,2008
60 Hudson Street,1930
11 Great Oaks Boulevard,1982
28 East Main Street,1985
3402 E University Dr,1999
624 S Grand Ave,1967
4442 Newcastle Rd,Not Available
427 South La Salle Street,Not Available
12101 Tukwila International Boulevard,1999
3 Boulden Circle,Not Available
3105 Alfred Street,2008
45901 Nokes Blvd,1998
10105 David Taylor Drive,1985
811 South 16th Street,Not Available
200 Northwest 2nd Street,Not Available
715 N 2nd St,Not Available
302 E Carson Ave,Not Available
511 11th Avenue South,1982
575 Broadway,Not Available
701 West Henry Street,1999
475 Vanderbilt Avenue,Not Available
56 Marietta Street NorthWest,1917
9 Great Oaks Blvd,2009
200 Paul Avenue,1955
1624 Franklin Street,Not Available
1301 Fannin Street,1981
120 East Van Buren Street,1946
250 Marquette Avenue,Not Available
1515 Round Table Drive,1969
2315 Millpark Drive,2022
1515 Round Table Drive,1969
1920 East Maple Avenue,1956
11900 East Cornell Avenue,1984
650 South Grand Avenue,1926
6602 Executive Park Court North,1993
1807 Ross Avenue,Not Available
1 Ramland Rd,2015
401 North Broad Street,Not Available
21350 Pacific Blvd,2017
4700 Old Ironsides Dr,1981
7890 Lehigh Crossing,Not Available
3402 East University Drive,Not Available
135 North 6th Avenue,Not Available
50 NE 8th St,2001
85 10th Avenue,1913
1531 Commonwealth Business Drive,2006
2820 Northwestern Pkwy,2012
2208 9th Avenue North,1997
511 11th Ave S,1982
100 Delawanna Avenue,1973
427 S La Salle St,1916
111 8th Avenue,1932
60 Hudson St,1930
3225 Jordan Boulevard,Not Available
17 Skyline Drive,1990
324 East Wisconsin Avenue,1901
848 South 8th Street,Not Available
4700 Old Ironsides Dr,1981
572 Delong Street,Not Available
5851 West Side Ave,1998
600 West 7th Street,1914
624 South Grand Avenue,Not Available
300 Bent Street,Not Available
600 W 7th St,1914
8636 S Peoria St,2014
4485 East Sahara Avenue,Not Available
23965 Connecticut St,Not Available
12100 Sunrise Valley Drive,2014
2590 Walsh Avenue,1980
5737 Northeast Huffman Street,Not Available
410 Hampton Road,Not Available
5035 Harold Gatty Drive,Not Available
1075 Triangle Court,Not Available
711 North Edgewood Avenue,Not Available
1850 W Deer Valley Rd,2010
2115 North Government Way,Not Available
3500 East Plano Parkway,2016
60 Hudson Street,1930
36 Northeast 2nd Street,Not Available
70 Inner Belt Road,1968
12100 Sunrise Valley Dr,2014
660 Greens Parkway,2015
310 Marlboro Street,Not Available
1130 Powers Ferry Place,2002
17501 West 98th Street,Not Available
1103 Herndon Street Northwest,Not Available
175 Old Loudon Road,1960
1050 Hingham St,Not Available
1025 Jefferson Street Northwest,1940
50 NE 9th St,2001
12201 Tukwila International Boulevard,1999
715 S 7th St,Not Available
530 W 6th St,1928
1950 North Stemmons Freeway,1986
953 Herndon Street Northwest,Not Available
300 West Lexington Street,1985
8923 Complex Drive,Not Available
1950 North Stemmons Freeway,1986
9530 Towne Centre Drive,Not Available
147 4th Avenue North,2000
3500 Lyman Blvd,1995
630 3rd Street,2007
120 East Van Buren Street,1946
3330 E Lone Mountain Rd,2007
3045 Raymond Street,Not Available
445 North Douglas Street,Not Available
1525 Comstock Street,2007
624 South Grand Avenue,Not Available
15180 Bartram Park Blvd,Not Available
10215 W Emerald St,Not Available
1000 Denny Way,1929
1805 Center Park Drive,1999
350 East Cermak Road,1912
250 Williams Street Northwest,1989
100 Taylor Street,1914
350 East Cermak Road,1912
2001 6th Avenue,1981
11900 East Cornell Avenue,1984
4000 Chester Avenue,Not Available
275 Hartz Way,1972
36 Northeast 2nd Street,Not Available
140 4th Avenue North,2003
510 Huntmar Park Drive,2010
50 NE 9th St,2001
19675 West 10 Mile Road,Not Available
110 East Broadway Street,Not Available
5055 Rec Drive,2008
11 Great Oaks Blvd,1982
332 West Broadway,Not Available
7499 E Paradise Ln,1999
155 Myers Corners Rd,1980
701 River Street,Not Available
20001 6th Ave,Not Available
1428 West 8th Street,Not Available
3330 East Lone Mountain Road,Not Available
2990 Sidco Dr,Not Available
7 Teleport Dr,1989
12098 Sunrise Valley Dr,1982
50 Northeast 9th Street,Not Available
2600 De La Cruz Boulevard,Not Available
2807 Mission College Boulevard,2009
102 S Tejon St,1983
120 East Van Buren Street,1946
401 N Broad St,2000
400 South Akard Street,1921
1250 Poydras Street,Not Available
8324 Baymeadows Way,1982
11753 West Lower Buckeye Road,Not Available
39800 Eureka Drive,2000
350 East Cermak Road,1912
501 West Overland Avenue,Not Available
510 Columbia St,Not Available
1160 N Gun Club Rd,2023
179 Social Hall Avenue,1967
375 Pearl Street,1975
5301 Departure Drive,2011
525 B Street,Not Available
1905 East 6th Street,1985
660 Greens Parkway,2015
1950 North Stemmons Freeway,1986
350 East Cermak Road,1912
1148 American Parkway,2010
304 Carpenter Street,Not Available
2008 Lookout Dr,2023
400 North Tampa Street,1973
350 East Cermak Road,1912
511 11th Avenue South,1982
36 Northeast 2nd Street,Not Available
1275 K Street Northwest,1983
445 North Douglas Street,2002
11753 West Lower Buckeye Road,Not Available
50 Northeast 9th Street,Not Available
2530 Perimeter Place Drive,Not Available
140 4th Avenue North,2003
2115 Northwest 22nd Street,Not Available
200 Paul Avenue,1955
201 Paul Ave,Not Available
360 E 22nd St,1984
23403 East Mission Avenue,Not Available
777 Central Blvd,2000
444 Toyama Drive,1994
935 Westminster Street,Not Available
8535 Potranco Rd,2021
175 Old Loudon Rd,1960
725 S Wells St,1930
910 15th Street,1910
1735 Lundy Avenue,1990
60 Hudson Street,1930
600 W 7th St,1914
9725 Scranton Road,1984
1215 East Pennsylvania Street,1978
6058 Northeast 78th Court,Not Available
3015 Winona Avenue,1991
307-309 W 7th St,1929
10290 W 70th St,2010
725 South Wells Street,1925
511 11th Avenue South,1982
251 Neilston Street,Not Available
350 East Cermak Road,1912
7576 North Del Mar Avenue,Not Available
200 North Nash Street,Not Available
1301 Fannin Street,1981
Summer Street,1978
200 Paul Avenue,1955
1200 Striker Avenue,2002
45905 Maries Road,2018
1649 West Frankford Road,2000
100 West Lucerne Circle,Not Available
4600 Carothers Parkway,2016
1649 W Frankford Rd,2000
900 N Alameda St,2011
811 Louisiana St,Not Available
3500 Lyman Blvd,1995
32 Ave of the Americas,1930
8636 South Peoria Street,Not Available
111 8th Avenue,1932
1625 Rockwell Avenue,1920
1350 Duane Ave,1980
350 East Cermak Road,1912
12100 Sunrise Valley Drive,2014
760 Mission Ct,1986
1920 East Maple Avenue,1956
5301 Northwest 33rd Avenue,Not Available
3003 Woodbridge Avenue,1967
600 West 7th Street,1912
421 Church Street West,Not Available
818 West 7th Street,Not Available
1850 West Deer Valley Road,2010
9305 Lightwave Avenue,1985
2 Peekay Drive,1955
60 Hudson Street,1930
2323 Bryan Street,1983
250 Locke Drive,1979
Washington D.C.,1972
401 North Broad Street,Not Available
1850 W Deer Valley Rd,2010
36 NE 2nd St,1925
626 Wilshire Boulevard,1966
12270 World Trade Drive,1997
1312 Striker Avenue,2002
365 South Randolphville Road,Not Available
1515 Turf Ln,Not Available
7135 South Decatur Boulevard,2008
2151 Mission College Boulevard,1983
800 Cottontail Lane,2011
2008 Lookout Dr,2023
422 West Riverside Avenue,Not Available
624 South Grand Avenue,Not Available
229 West 7th Street,1931
7 Teleport Drive,1989
900 Walnut Street,1921
100 Northeast 80th Street,Not Available
2323 Bryan Street,1983
100 Delawanna Avenue,1973
1905 Lunt Avenue,2007
55 South Market Street,1985
900 North Alameda Street,Not Available
11513 Sunset Hills Road,Not Available
11 Great Oaks Boulevard,1982
2001 6th Avenue,1981
5419 NE Starr Blvd,2021
2820 Northwestern Parkway,2012
600 West 7th Street,1914
10256 East Elliot Road,Not Available
2323 Bryan Street,1983
500 S Federal St,Not Available
1950 North Stemmons Freeway,1986
1 Ramland Road,2015
8600 Harry Hines Boulevard,1951
2972 Stender Way,2011
2323 Bryan St,1983
2 Emerson Lane,1980
32 Avenue of the Americas,1930
755 Secaucus Road,2001
300 Boulevard East,1991
1950 North Stemmons Freeway,1986
1360 Kifer Road,1979
3311 South 120th Place,Not Available
9651 Hornbaker Road,2009
12100 Sunset Hills Road,Not Available
3330 E Lone Mountain Rd,2007
1160 Walsh Ave,2023
21583 Megawatt Dr,Not Available
3433 South 120th Place,2012
2 Emerson Ln,1980
11 Great Oaks Blvd,1982
102 South Tejon Street,1983
21583 Megawatt Dr,Not Available
800 East Business Center Drive,Not Available
60 Hudson Street,1930
4815 Delemere Ave,1970
5350 South Valentia Way,Not Available
17836 Gillette Avenue,1977
600 West 7th Street,1912
11 Great Oaks Blvd,1982
1625 Rockwell Ave,1920
6565 Americas Parkway,Not Available
200 Bauchet Street,Not Available
1950 North Stemmons Freeway,1986
321 South Boston Avenue,Not Available
2400 East Katella Avenue,Not Available
2301 W 120th St,1962
7100 Metropolis Drive,Not Available
510 Clinton Square,Not Available
8354 Northfield Blvd,Not Available
801 East Douglas Avenue,Not Available
1 Ramland Road,2015
312 South 4th Street,Not Available
1517 Round Table Drive,Not Available
400 S 4th St,1921
421 Fayetteville Street,Not Available
2000 East Lamar Boulevard,Not Available
333 H Street,Not Available
260 Peachtree Street Northwest,Not Available
1 Ramland Rd,2015
170 South Green Valley Parkway,Not Available
1299 Farnam Street,Not Available
60 State Street,Not Available
600 Superior Avenue,Not Available
615 St George Square Ct,Not Available
717 Green Valley Road,Not Available
2033 Gateway Place,Not Available
1545 Crossways Blvd,Not Available
11801 Pierce Street,Not Available
450 North Brand Boulevard,Not Available
107 West 9th Street,Not Available
1221 Brickell Avenue,Not Available
1600 South Broadway,Not Available
102 South Tejon Street,1983
780 Lynnhaven Parkway,Not Available
950 West Bannock Street,Not Available
445 Minnesota Street,Not Available
100 Ashley Drive South,Not Available
100 South 4th Street,1965
101 E Park Blvd,Not Available
201 East 5th Street,Not Available
2333 Alexandria Drive,Not Available
250 E Wisconsin Ave,Not Available
One Gateway Center,Not Available
3100 West Ray Road,Not Available
201 St Charles Ave,Not Available
505 14th Street,2008
One South Church,Not Available
999 Waterside Drive,Not Available
100 South 5th Street,1965
7272 East Indian School Road,Not Available
111 W Ocean Blvd,Not Available
800 5th Avenue,2005
1050 Connecticut Ave NW,Not Available
424 Church Street,Not Available
2500 5th Street,1988
1910 South Stapley Drive,Not Available
7 Waterfront Street,Not Available
